domain,mime_blocked,size,requests,time,package,ia,dram
https://www.amazon.com/,none,0,0,3.92585632,20.94804128,16.26145766,1.24579061
https://www.amazon.com/,text/html,179764,8,,,,
https://www.amazon.com/,text/css,76746,5,3.65526566,18.60029873,14.66243117,1.09767219
https://www.amazon.com/,image/png,95254,5,3.62797752,19.11156328,14.841010879999999,1.17825911
https://www.amazon.com/,image/jpeg,2836395,264,2.53909975,13.589456689999999,10.93210297,0.6756649400000001
https://www.amazon.com/,image/gif,71640,20,3.4599788,18.71780548,14.558401830000001,1.10499013
https://www.amazon.com/,application/x-javascript,420442,20,1.96990946,8.46114248,6.63990106,0.6597329000000001
https://www.amazon.com/,text/javascript,43889,4,2.68967024,14.48229574,11.502346970000001,0.7588438200000001
https://www.amazon.com/,application/font-woff2,182489,8,3.01612909,16.22898085,12.891827390000001,0.85519952
https://www.amazon.com/,application/json,13414,5,3.10423622,15.96169654,12.881453959999998,0.8235666899999999
https://www.amazon.com/,application/javascript,216,1,3.0515612,15.70577511,12.73252818,0.7779640999999999
https://www.amazon.com/,video/mp4,1300020,1,3.05355231,15.71538086,12.740943230000001,0.77535214
https://www.amazon.com/,application/octet-stream,1982,2,3.15216587,15.89590352,12.89689467,0.81110501
https://www.aajtak.in/,none,0,0,4.98447579,26.769570239999997,21.48952009,1.2745200300000001
https://www.aajtak.in/,application/octet-stream,41517,35,4.4208547199999995,23.06572367,18.4921875,1.12442203
https://www.aajtak.in/,text/html,506444,47,,,,
https://www.aajtak.in/,text/javascript,651428,13,2.60372647,11.581844920000002,9.20249651,0.68805593
https://www.aajtak.in/,application/javascript,839165,20,2.29231723,9.911014810000001,7.86487698,0.61065335
https://www.aajtak.in/,image/png,278119,11,4.3014088500000005,23.044287450000002,18.50946418,1.08189477
https://www.aajtak.in/,image/jpeg,67683,17,4.70261235,25.131571450000003,20.14740719,1.18755035
https://www.aajtak.in/,image/webp,40334,5,4.48055708,24.12210015,19.35001611,1.1257899
https://www.aajtak.in/,text/css,92061,9,3.15238817,16.41160465,13.217174609999999,0.82653063
https://www.aajtak.in/,application/x-javascript,214755,11,2.4583966200000003,12.31315952,9.9009118,0.64049784
https://www.aajtak.in/,application/json,67142,18,5.42358473,28.047457209999997,22.45620778,1.37695855
https://www.aajtak.in/,binary/octet-stream,5251,2,4.85419568,26.15001407,20.98065287,1.2233295
https://www.aajtak.in/,image/avif,400419,37,5.0383910300000005,27.160955469999998,21.79282718,1.26721141
https://www.aajtak.in/,text/plain,43602,12,4.10491782,21.90804392,17.56991696,1.0286182
https://www.aajtak.in/,image/gif,32292,25,5.281786459999999,27.63134274,22.16153429,1.329147
https://www.aajtak.in/,font/woff2,124551,4,5.40206795,28.563194109999998,22.928272160000002,1.3584645599999998
https://www.baidu.com/,none,0,0,1.87954825,4.30199873,3.4802232500000003,0.56702915
https://www.baidu.com/,text/html,98606,2,,,,
https://www.baidu.com/,image/png,117383,17,1.86250185,4.0301144099999995,3.26893328,0.55813819
https://www.baidu.com/,application/x-javascript,213649,20,1.5435835800000002,2.0914956,1.65211266,0.40240817999999995
https://www.baidu.com/,text/css,4983,2,1.77609071,4.13938768,3.3484904,0.5240354700000001
https://www.baidu.com/,text/javascript,529407,14,1.87438073,3.27857836,2.6254726799999997,0.5459393
https://www.baidu.com/,text/plain,1063,1,2.07896332,4.2635198,3.42697127,0.58214162
https://www.baidu.com/,application/octet-stream,21729,2,1.97808901,4.38892636,3.5172702399999998,0.57970801
https://www.baidu.com/,image/gif,4011,3,1.87292321,4.30982785,3.44039018,0.54399329
https://www.baidu.com/,image/svg+xml,2973,1,2.4533967899999998,4.3605677300000005,3.45963576,0.65884349
https://www.bilibili.com/,none,0,0,2.73565249,10.938489279999999,8.63038042,0.82067803
https://www.bilibili.com/,text/html,32876,4,,,,
https://www.bilibili.com/,text/plain,3133,2,2.72290377,10.98346354,8.63399913,0.8110324400000001
https://www.bilibili.com/,text/css,76701,7,2.74795634,8.85867106,7.11900177,0.77860175
https://www.bilibili.com/,application/javascript,657121,9,1.92031613,2.4519790599999998,1.81090936,0.48389621
https://www.bilibili.com/,application/x-javascript,22039,2,2.77602484,10.61641032,8.3932312,0.84841003
https://www.bilibili.com/,text/javascript,12865,1,2.9315014500000003,11.43171488,9.04643436,0.87380778
https://www.bilibili.com/,image/png,135294,5,2.8649025,10.5847502,8.350276860000001,0.87636685
https://www.bilibili.com/,image/avif,657720,21,2.3682067900000003,8.12073636,6.4467141,0.66543427
https://www.bilibili.com/,application/json,36713,19,2.54701568,9.86220584,7.80582428,0.77908325
https://www.bilibili.com/,text/json,42644,8,2.72731921,10.85023142,8.55040978,0.8266087799999999
https://www.bilibili.com/,image/webp,546036,24,2.64691266,8.66089579,6.868356149999999,0.7438702100000001
https://www.bilibili.com/,image/x-icon,5583,1,2.82852412,10.67511359,8.42449426,0.84614207
https://www.bing.com/?toWww=1&redig=396F53B56EC44858B4E9D30B3B2438F2,none,0,0,0.0021448400000000003,0.00303277,0.00263045,0.00032094
https://www.bing.com/?toWww=1&redig=396F53B56EC44858B4E9D30B3B2438F2,text/html,37300,2,,,,
https://www.bing.com/?toWww=1&redig=396F53B56EC44858B4E9D30B3B2438F2,application/x-javascript,8398,6,0.0020813999999999997,0.00291392,0.00256619,0.00032127999999999996
https://www.bing.com/?toWww=1&redig=396F53B56EC44858B4E9D30B3B2438F2,image/jpeg,183189,1,0.00225721,0.00354597,0.00287476,0.00050049
https://www.bing.com/?toWww=1&redig=396F53B56EC44858B4E9D30B3B2438F2,text/css,127086,1,0.0021674899999999998,0.00286051,0.00253194,0.00033213
https://www.bing.com/?toWww=1&redig=396F53B56EC44858B4E9D30B3B2438F2,text/javascript,329742,19,0.00209179,0.00286577,0.0025383800000000002,0.00033485000000000003
https://www.bing.com/?toWww=1&redig=396F53B56EC44858B4E9D30B3B2438F2,application/octet-stream,3856,2,0.00220377,0.00306566,0.00267232,0.00037045000000000003
https://www.bing.com/?toWww=1&redig=396F53B56EC44858B4E9D30B3B2438F2,image/x-icon,6621,1,0.00213518,0.00283067,0.0025093900000000002,0.00032739
https://discord.com/,none,0,0,1.4318564,4.74040544,3.79495053,0.39447021
https://discord.com/,text/html,16024,2,,,,
https://discord.com/,application/javascript,2252915,15,0.9943401199999999,2.0694814,1.6436476,0.28193783
https://discord.com/,text/css,60929,3,1.38219409,4.57229563,3.6690880700000004,0.39319611000000004
https://discord.com/,image/svg+xml,242454,9,1.38307815,4.50366686,3.60795983,0.38566149000000005
https://discord.com/,application/json,21521,6,1.40758748,4.24606561,3.37865685,0.39842699000000004
https://discord.com/,application/x-javascript,139524,2,1.42875449,4.7476804900000005,3.7912273800000005,0.39622752
https://discord.com/,font/woff2,176400,6,1.5195207400000001,5.1647071,4.120080740000001,0.42036099
https://discord.com/,application/octet-stream,3620,2,1.4201182,4.6882604,3.7319512300000004,0.39016808
https://discord.com/,image/png,1764,1,1.41231778,4.7847541,3.80611725,0.39009704999999995
https://discord.com/,image/vnd.microsoft.icon,12142,1,1.4354843199999998,4.51411184,3.6135493000000003,0.39409926
https://docomo.ne.jp/,none,0,0,0.7035111399999999,0.51711171,0.35750309,0.11312865999999999
https://docomo.ne.jp/,text/plain,740,1,0.06394925,0.3168045,0.25963084,0.01790449
https://duckduckgo.com/,none,0,0,1.0228365,2.80271488,2.24277988,0.28857286
https://duckduckgo.com/,text/html,97053,6,,,,
https://duckduckgo.com/,text/css,38058,5,0.98730852,2.52429318,2.01996341,0.27843153
https://duckduckgo.com/,application/x-javascript,309213,19,0.75076599,1.18288015,0.94028795,0.20004679
https://duckduckgo.com/,image/gif,4572,2,1.02379487,2.98640764,2.38290897,0.28357612
https://duckduckgo.com/,image/png,541217,11,1.02075547,2.78489176,2.2237365700000002,0.27956848
https://dzen.ru/,none,0,0,3.99898417,10.51841431,8.543797640000001,1.14623379
https://dzen.ru/,text/html,332254,10,,,,
https://dzen.ru/,image/webp,122276,8,4.67264684,4.98790911,3.83777669,1.0097546
https://dzen.ru/,image/svg+xml,3555,2,4.78467564,5.39730716,4.259910919999999,1.07098592
https://dzen.ru/,application/json,104167,6,4.651123129999999,3.39002414,2.5461595299999997,0.94388496
https://dzen.ru/,application/javascript,194278,7,4.50579918,3.32120361,2.50989363,0.90824602
https://dzen.ru/,text/plain,824,1,4.3701605699999995,3.3344106,2.51644677,0.8908593100000001
https://dzen.ru/,application/octet-stream,10496,10,4.24388925,8.2378123,6.75897437,1.12617001
https://dzen.ru/,image/gif,38913,20,9.72394913,14.7746738,11.811302860000001,2.37166341
https://dzen.ru/,image/jpeg,85959,5,5.6844835,10.49061161,8.49429559,1.4877963600000002
https://dzen.ru/,image/png,174046,5,4.143924559999999,10.140548710000001,8.25844947,1.15972985
https://dzen.ru/,image/avif,1048,1,6.01260646,10.46134203,8.3973843,1.5393383399999998
https://dzen.ru/,text/javascript,1366472,15,5.60353235,12.612432349999999,10.28524526,1.54181569
https://dzen.ru/,text/css,5216,2,5.26664881,9.64992557,7.77111681,1.37559797
https://dzen.ru/,font/woff2,27214,1,4.44976582,10.17480316,8.29377136,1.22544963
https://dzen.ru/,application/x-javascript,24409,2,3.7563991600000004,10.35318298,8.41290385,1.07940809
https://www.ebay.com/,none,0,0,1.79897989,8.71298947,7.04477675,0.4704361
https://www.ebay.com/,application/octet-stream,851,1,1.79721868,8.67564918,7.022247650000001,0.47213898
https://www.ebay.com/,text/css,37864,4,1.79290635,8.4220459,6.847385490000001,0.48367784
https://www.ebay.com/,application/x-javascript,209959,10,1.6501317700000002,7.230095250000001,5.78860864,0.46991881999999996
https://www.ebay.com/,image/gif,3823,6,1.8184284400000001,8.869019399999999,7.03469747,0.5241909499999999
https://www.ebay.com/,image/png,96655,3,1.8217872099999999,8.737328589999999,6.93740048,0.5308943
https://www.ebay.com/,application/javascript,2668,1,1.70095067,6.7036793999999995,5.4084879599999995,0.53460202
https://www.ebay.com/,text/html,82143,1,,,,
https://www.ebay.com/,application/font-woff2,46542,2,1.79475428,8.70180817,6.92758891,0.52015144
https://www.ebay.com/,text/plain,8306,3,1.82116217,8.62325897,6.853222150000001,0.5309004
https://www.ebay.com/,image/webp,294168,35,1.7108754099999999,8.16761475,6.478617010000001,0.49776866
https://www.ebay.com/,application/json,3611,1,1.78019405,8.56626773,6.79422963,0.52101084
https://www.ebay.com/,image/jpeg,4156,1,1.78744304,8.61536441,6.8361891,0.51867269
https://www.facebook.com/,none,0,0,1.0504399,2.85911136,2.1895145,0.33132849999999997
https://www.facebook.com/,text/html,23963,3,,,,
https://www.facebook.com/,text/css,20959,5,1.04861426,2.74911906,2.11590983,0.31881087
https://www.facebook.com/,application/x-javascript,224246,25,0.82950539,1.27487386,0.89548509,0.27016873
https://www.facebook.com/,image/svg+xml,1718,1,1.04012013,2.6743615,2.13333503,0.28435093
https://www.facebook.com/,image/gif,1090,1,1.06160357,2.64355197,2.10792948,0.28162893
https://www.facebook.com/,image/png,15239,3,1.04268349,2.64084829,2.10648312,0.27381371
https://www.facebook.com/,image/x-icon,4976,1,1.04718932,2.58391283,2.0700500500000003,0.26325412
https://www.facebook.com/,application/json,1187,1,1.04417944,2.64353349,2.1054228,0.27434998
https://www.fandom.com/,none,0,0,3.16496202,14.08605516,11.20250109,0.8815095700000001
https://www.fandom.com/,application/octet-stream,35704,36,2.9775127400000003,14.92085605,11.894322540000001,0.85114119
https://www.fandom.com/,text/html,86400,39,,,,
https://www.fandom.com/,text/css,44676,4,2.78988721,13.66293013,10.8625,0.83907301
https://www.fandom.com/,application/javascript,1031859,38,1.28497715,4.38291762,3.26872864,0.44416606000000003
https://www.fandom.com/,text/javascript,459063,39,2.12622432,10.300231759999999,8.00403273,0.67102966
https://www.fandom.com/,font/woff2,35036,1,2.9866408,15.45511559,12.17067413,0.90442505
https://www.fandom.com/,image/webp,2581294,54,2.95575651,14.61177707,11.68436703,0.84760335
https://www.fandom.com/,application/json,72143,12,2.28736152,9.14917738,7.29470028,0.6482901699999999
https://www.fandom.com/,application/problem+json,5139,3,2.98610579,15.030395,12.08078885,0.78722399
https://www.fandom.com/,image/svg+xml,107818,1,2.93063345,14.78932919,11.906821359999999,0.7723995600000001
https://www.fandom.com/,text/plain,41869,12,2.92834365,14.4839247,11.65417074,0.77787662
https://www.fandom.com/,image/gif,34609,31,3.18990177,15.361353730000001,12.362664789999998,0.83771057
https://www.fandom.com/,image/png,6122,5,3.3655971699999996,15.74612139,12.45363719,0.9577516300000001
https://www.fandom.com/,image/jpeg,450963,2,3.19005451,15.919198779999999,12.49751994,1.00435605
https://www.fandom.com/,image/vnd.microsoft.icon,3501,1,3.08205032,13.77726983,10.62369656,1.04828016
https://www.globo.com/,none,0,0,12.43990037,47.02871347999999,31.5320716,5.64223904
https://www.globo.com/,text/html,287359,15,,,,
https://www.globo.com/,text/javascript,784180,25,12.21643769,39.23539378,29.59446513,3.89728394
https://www.globo.com/,application/json,116885,34,12.348994130000001,41.42497118,31.43974796,3.7967517400000004
https://www.globo.com/,application/javascript,969755,33,13.05137539,43.36270209,32.93559502,3.8734881899999998
https://www.globo.com/,image/svg+xml,74317,35,10.30717486,41.3604677,32.06468726,3.07088064
https://www.globo.com/,text/css,31045,3,10.31873724,42.93446079,33.41308136,2.9665467999999997
https://www.globo.com/,application/octet-stream,87799,17,10.79235962,44.32303382,34.3759296,3.0933615800000003
https://www.globo.com/,image/webp,1035234,52,10.715220369999999,45.28566013,35.21083188,3.05347731
https://www.globo.com/,image/gif,15465,13,10.38671065,46.59799923,36.17311927,2.95674557
https://www.globo.com/,text/plain,42003,9,8.98358438,47.65610369,35.0003696,3.4936389500000002
https://www.globo.com/,image/png,2104477,5,10.89462516,57.42000885,41.60630561,4.44993269
https://www.globo.com/,application/x-javascript,1896,2,10.209635220000001,52.33042314,40.55467377,2.92360518
https://www.globo.com/,application/x-binary,20068,1,10.636002470000001,52.25269012,41.02361281,2.73830363
https://www.google.com/,none,0,0,1.25893364,2.53380737,2.11163245,0.37068345999999996
https://www.google.com/,text/html,72413,11,,,,
https://www.google.com/,image/png,7527,1,1.22801761,2.86902517,2.39277462,0.35037875999999996
https://www.google.com/,image/webp,1997,1,2.81832137,4.51296031,3.5203023300000003,0.55366245
https://www.google.com/,text/javascript,749541,11,2.9980491999999996,3.12688226,2.23561283,0.56323157
https://www.google.com/,text/css,1703,1,3.35376252,4.12263862,3.11690318,0.76143612
https://www.google.com/,application/json,7109,2,3.4284449699999997,3.05405053,2.3820541399999997,0.76054535
https://www.google.com/,image/gif,23186,1,3.3685747700000004,3.23442451,2.53115946,0.7472919
https://www.google.com/,font/woff2,27452,2,3.3083659,3.0647169300000003,2.40504015,0.74362776
https://www.google.com/,application/octet-stream,300,1,3.3484296799999997,3.0377226100000003,2.37730018,0.7488547400000001
https://www.instagram.com/,none,0,0,1.55741231,5.375247869999999,4.3366241500000005,0.42274389999999995
https://www.instagram.com/,text/html,74270,3,,,,
https://www.instagram.com/,application/x-javascript,1347054,18,0.76694571,0.8003828300000001,0.5976184400000001,0.18864017
https://www.instagram.com/,text/css,118129,1,1.46930447,5.22612474,4.19765337,0.39839342
https://www.instagram.com/,text/javascript,13497,4,1.48498576,5.3545344,4.29550493,0.40852848
https://www.instagram.com/,application/json,10028,3,1.3784116700000002,5.41221059,4.30984768,0.39669002999999997
https://www.instagram.com/,image/png,763755,10,1.3993275399999998,5.45789083,4.4045517,0.40563592
https://www.instagram.com/,text/plain,703,1,1.37367666,5.56761559,4.51238607,0.41272770000000003
https://www.instagram.com/,image/x-icon,6124,1,1.35681085,5.62879401,4.554072059999999,0.40634307999999997
https://www.linkedin.com/,none,0,0,0.32665236,1.37381304,1.1102852699999999,0.09033101
https://www.linkedin.com/,application/octet-stream,655,1,0.28917312,1.18346456,0.95542382,0.07744258999999999
https://www.linkedin.com/,text/html,17468,1,,,,
https://www.linkedin.com/,text/css,49583,1,0.40425821,1.77293955,1.42790476,0.10713043000000001
https://www.linkedin.com/,image/svg+xml,9850,1,0.37359507999999997,1.56185133,1.26442278,0.09987098
https://www.linkedin.com/,text/javascript,171973,2,0.26198764,0.74421895,0.5981474099999999,0.07336748
https://outlook.live.com/owa/,none,0,0,1.3205812399999999,4.5600046800000005,3.5500295,0.42337815999999995
https://outlook.live.com/owa/,application/octet-stream,4327,3,1.64911382,4.67546115,3.60039012,0.48398081
https://outlook.live.com/owa/,text/html,43996,2,,,,
https://outlook.live.com/owa/,application/javascript,67464,8,1.30620253,3.2410352899999997,2.51581879,0.39801093000000004
https://outlook.live.com/owa/,text/javascript,19392,1,1.56362613,4.435623,3.42124617,0.46856062000000004
https://outlook.live.com/owa/,text/css,62409,3,1.49168988,2.8040186599999997,2.21509162,0.45320689000000003
https://outlook.live.com/owa/,image/png,1316144,12,1.32165612,4.14141642,3.17723287,0.44226176
https://outlook.live.com/owa/,image/svg+xml,30863,13,1.3662967000000001,4.82584415,3.29697876,0.58354933
https://outlook.live.com/owa/,image/jpeg,348813,4,1.34207517,4.7818907,3.3162280600000003,0.55553792
https://outlook.live.com/owa/,application/x-javascript,664475,5,1.38555055,4.62419417,3.14887068,0.58166572
https://outlook.live.com/owa/,application/font-woff,69406,2,1.4522815299999998,4.960812890000001,3.4146043600000002,0.6142044099999999
https://outlook.live.com/owa/,image/x-icon,9174,1,2.0017027,6.6607223499999995,4.93950975,0.77660404
https://mail.ru/,none,0,0,6.13704022,14.712611899999999,11.28397471,2.01495633
https://mail.ru/,text/html,124070,4,,,,
https://mail.ru/,application/javascript,923830,14,3.5858504,4.42379083,3.13270094,1.04950782
https://mail.ru/,text/css,67779,6,5.42947546,11.26112366,9.07861142,1.5049136699999999
https://mail.ru/,image/gif,188055,78,6.27771111,13.509276669999998,10.67810313,1.80409953
https://mail.ru/,image/svg+xml,18130,11,6.544243890000001,13.835043169999999,10.94885593,1.86250322
https://mail.ru/,binary/octet-stream,64245,1,6.04766871,14.598639760000001,11.58286981,1.79411248
https://mail.ru/,image/png,202211,3,6.245373150000001,14.1344028,11.191184490000001,1.8293814800000001
https://mail.ru/,application/json,104458,11,5.940244279999999,12.57429877,9.89469062,1.6713323
https://mail.ru/,image/jpeg,35221,3,6.033389069999999,14.061157060000001,11.16915622,1.77973073
https://mail.ru/,application/octet-stream,11733,11,5.588086949999999,13.93754917,11.140549889999999,1.67146488
https://mail.ru/,text/javascript,562836,9,5.66669873,11.110590790000002,8.65241004,1.5249705
https://mail.ru/,font/woff2,27215,1,6.0713471000000006,14.17311707,11.23312276,1.78010271
https://www.microsoft.com/en-us/,none,0,0,2.0243841000000002,8.26141256,6.639979889999999,0.58914371
https://www.microsoft.com/en-us/,application/octet-stream,30338,3,1.9409616299999999,7.75584683,6.25585361,0.57480113
https://www.microsoft.com/en-us/,text/html,56592,7,,,,
https://www.microsoft.com/en-us/,text/css,101819,7,1.81086693,6.83191393,5.52242855,0.5487404699999999
https://www.microsoft.com/en-us/,application/javascript,601620,32,2.05115381,2.36655477,1.80930803,0.48917982000000004
https://www.microsoft.com/en-us/,image/png,5128,1,5.65542907,10.488317870000001,8.200953,1.4120007
https://www.microsoft.com/en-us/,image/avif,31122,4,6.00433817,10.646601189999998,8.33471086,1.48142378
https://www.microsoft.com/en-us/,image/webp,30405,9,2.86020143,9.03103994,7.22010329,0.78525018
https://www.microsoft.com/en-us/,text/javascript,88813,3,1.92912712,4.52297346,3.5272878,0.52810381
https://www.microsoft.com/en-us/,font/woff2,65302,2,2.02633962,8.44388394,6.79361844,0.59162242
https://www.microsoft.com/en-us/,application/font-woff,27788,1,1.9263117299999999,8.07306332,6.495110909999999,0.56266446
https://www.microsoft.com/en-us/,image/gif,758,1,1.88662576,7.939886810000001,6.40282474,0.5584549
domain,mime_blocked,size,requests,time,package,ia,dram
https://www.msn.com/,none,0,0,0.85859219,4.5500017,3.4761337300000004,0.28858812
https://www.msn.com/,application/octet-stream,5840,7,0.84619443,4.83822005,3.66872813,0.27545827
https://www.msn.com/,text/html,39538,1,,,,
https://www.msn.com/,application/javascript,639061,9,0.8215877,4.38357663,3.31627265,0.28267568
https://www.msn.com/,application/json,76781,3,0.84666644,4.761734860000001,3.61424866,0.27826792
https://www.msn.com/,image/gif,5882,5,0.8696665400000001,5.00022176,3.7978274900000004,0.28449114000000003
https://www.msn.com/,font/woff2,42374,1,0.88286567,5.10296766,3.8901062,0.28920068
https://www.msn.com/,image/png,11936,6,0.85965849,4.93647783,3.76349979,0.27681054
https://www.msn.com/,image/jpeg,112931,6,0.87281736,5.06651103,3.88751509,0.27973243
https://www.naver.com/,none,0,0,1.7010671300000002,7.869274900000001,6.164837649999999,0.53076053
https://www.naver.com/,text/html,136808,10,,,,
https://www.naver.com/,text/css,31807,3,1.4712588,6.9858305199999995,5.49282549,0.45122307999999994
https://www.naver.com/,image/png,715490,30,1.5515355,7.4612196200000005,5.90948537,0.46709171
https://www.naver.com/,application/javascript,444056,16,1.5895196999999999,3.47178718,2.7306655899999996,0.4157864
https://www.naver.com/,image/jpeg,373233,19,1.78464446,7.565360010000001,6.1271616600000005,0.51478695
https://www.naver.com/,image/vnd.microsoft.icon,1556,1,1.78034741,7.51929694,6.09245419,0.52015771
https://www.naver.com/,application/octet-stream,1866,1,1.81511289,7.528943379999999,6.095277240000001,0.52676765
https://www.naver.com/,application/json,12166,2,1.8928430900000002,7.54676242,6.111240810000001,0.55674438
https://www.netflix.com/,none,0,0,1.47997154,4.41509654,3.4869547499999998,0.46192152
https://www.netflix.com/,application/octet-stream,24578,5,1.4488093100000001,4.42177582,3.47251892,0.46600884
https://www.netflix.com/,text/html,61918,2,,,,
https://www.netflix.com/,text/css,19719,4,1.3692979299999999,4.41766612,3.38667687,0.45624407
https://www.netflix.com/,application/javascript,587788,3,1.27664865,2.43936852,1.6535514,0.38983663
https://www.netflix.com/,image/png,1106435,4,1.3264589100000002,4.05420803,3.2080035700000002,0.42839372
https://www.netflix.com/,image/jpeg,336522,1,1.3558838199999999,4.21313629,3.3246914299999997,0.44579078000000005
https://www.netflix.com/,application/x-javascript,18584,2,1.42448632,3.21077491,2.33727671,0.42107612000000005
https://www.netflix.com/,font/woff2,221873,4,1.44558828,4.02684903,3.1410552999999997,0.44629449
https://www.netflix.com/,image/x-icon,17878,1,1.3935045,4.33170861,3.43934953,0.44716085
https://www.netflix.com/,application/json,19064,3,1.42490877,3.7770572199999997,3.0529178200000002,0.40234782
https://www.netflix.com/,image/svg+xml,3921,2,1.37866619,4.04964311,3.28633101,0.40684933
https://www.office.com/,none,0,0,2.53884726,5.4933375,4.256439889999999,0.7763037799999999
https://www.office.com/,application/octet-stream,653,1,1.78778707,4.04347399,3.1788180899999996,0.5761261
https://www.office.com/,text/html,53560,4,,,,
https://www.office.com/,image/png,6932698,28,1.01050946,2.76605784,2.17739309,0.29610596
https://www.office.com/,application/javascript,203108,7,2.8658751899999997,5.07489624,3.62697703,0.9532307900000001
https://www.office.com/,text/css,107275,3,2.77857457,5.69595947,4.26156294,0.9828504800000001
https://www.office.com/,font/woff2,115552,6,2.66749587,5.96111705,4.359745960000001,0.9109127499999999
https://www.office.com/,text/javascript,73468,2,2.70791854,4.80098114,3.42577328,0.88560215
https://www.office.com/,application/x-javascript,7320,1,2.6965342299999997,5.58552941,4.23838145,0.86534509
https://www.office.com/,application/font-woff,27808,1,2.6745,5.3201466900000005,4.13116557,0.81522844
https://www.office.com/,image/x-icon,287405,1,3.0109997199999996,5.12961155,3.99183214,0.89074877
https://www.office.com/,application/json,2771,1,2.99569618,5.268795270000001,4.09390784,0.90398882
https://openai.com/,none,0,0,2.24179583,6.31490682,5.0435084,0.62234785
https://openai.com/,text/html,13282,1,,,,
https://openai.com/,text/javascript,428176,27,1.3066827,1.60271522,1.21641015,0.34353299
https://openai.com/,text/css,48973,6,2.15095604,6.37366503,5.13162486,0.5955044199999999
https://openai.com/,image/avif,2627356,35,2.04752755,4.76907383,3.79326104,0.54950918
https://openai.com/,video/mp4,18526404,2,1.87858704,6.1567131900000005,4.93899706,0.55247498
https://openai.com/,font/woff2,127493,3,2.2273728299999997,6.05944604,4.82862549,0.6278873
https://openai.com/,application/javascript,85557,1,2.39084702,6.06943478,4.82630988,0.69268256
https://openai.com/,application/json,1553,1,2.23992017,6.15676643,4.9086183299999995,0.62327084
https://openai.com/,application/vnd.api+json,32888,1,2.40842036,5.80034722,4.59020267,0.65346103
https://www.pinterest.com/,none,0,0,5.71975733,23.71071218,18.86363169,1.59476674
https://www.pinterest.com/,text/html,177216,8,,,,
https://www.pinterest.com/,application/javascript,1875624,58,1.07412406,1.03043942,0.7771414900000001,0.24686398
https://www.pinterest.com/,application/json,68640,5,6.20672526,23.71205783,18.90136583,1.8069848
https://www.pinterest.com/,text/css,30294,3,4.91633372,22.150699359999997,17.785085549999998,1.3285592
https://www.pinterest.com/,text/javascript,335455,5,4.60593728,20.60616302,16.39289076,1.27726576
https://www.pinterest.com/,application/x-javascript,230902,3,4.77883978,21.75621457,17.49676039,1.29698825
https://www.pinterest.com/,image/jpeg,5570186,139,4.94288201,19.7727595,15.898395279999999,1.39334564
https://www.pinterest.com/,image/png,6890118,18,4.10465783,20.638394669999997,16.62217187,1.06612345
https://www.pinterest.com/,font/ttf,28736,2,5.91195394,23.589654030000002,18.83078172,1.67144385
https://www.pinterest.com/,text/plain,725,1,4.59085619,22.00057085,17.672950410000002,1.21011336
https://www.pinterest.com/,font/woff2,23116,2,6.21543543,23.98568624,19.05564236,1.78249817
https://www.pinterest.com/,image/gif,1280,1,5.43784226,23.244730290000003,18.55357836,1.5260989699999998
https://www.qq.com/,none,0,0,15.574931650000002,18.875443009999998,13.986325919999999,4.02484555
https://www.qq.com/,text/html,38112,8,,,,
https://www.qq.com/,application/javascript,817677,19,1.96429265,2.9915212,2.34193336,0.48841994
https://www.qq.com/,text/css,17503,1,15.673894330000001,14.686476809999998,10.958352150000001,3.7071214500000003
https://www.qq.com/,image/webp,680738,31,15.32880854,16.72532993,12.4799274,3.93975813
https://www.qq.com/,image/png,456562,7,14.25683583,16.94783986,12.80432654,3.55707008
https://www.qq.com/,application/json,14130,8,5.14102087,11.931682160000001,9.45932736,1.51475525
https://www.qq.com/,image/gif,10767,5,21.33654668,22.03015137,16.162881640000002,5.2653756
https://www.qq.com/,application/x-javascript,35277,5,16.4945989,18.0329088,13.26836904,4.21059435
https://www.qq.com/,text/javascript,61529,2,14.383953349999999,18.27694516,13.68473426,3.76001502
https://www.qq.com/,text/plain,198486,41,19.60473296,64.38809865,51.52864549,5.409087459999999
https://www.qq.com/,application/octet-stream,2802,7,18.70587767,34.90199975,26.898412750000002,4.92584703
https://www.qq.com/,video/mp4,107422836,23,15.21348491,18.86667989,14.16259037,3.93861355
https://www.qq.com/,image/x-icon,4495,1,16.564775,20.175018820000002,15.17917718,4.19137217
https://www.quora.com/,none,0,0,1.1868716499999998,2.92957577,2.37997064,0.39923197
https://www.quora.com/,text/html,43060,2,,,,
https://www.quora.com/,text/css,13008,2,1.21373958,2.73310293,2.22438185,0.41141544
https://www.quora.com/,text/javascript,560967,10,0.93414553,0.7468032800000001,0.5245539300000001,0.21954871
https://www.quora.com/,image/webp,1056826,1,1.01617015,2.43251258,1.99018385,0.33659329
https://www.quora.com/,application/json,7160,3,1.18994497,2.5949056,2.07779304,0.38518982
https://www.quora.com/,application/javascript,79213,1,1.1859668,2.6359668299999996,2.1173723,0.39300113000000003
https://www.quora.com/,image/gif,3762,3,1.19797073,2.85057509,2.28688151,0.40617845
https://www.quora.com/,image/vnd.microsoft.icon,8527,1,1.50863956,2.74224989,2.19551646,0.45500793
https://www.quora.com/,application/x-javascript,90882,2,1.20556664,2.63533613,2.10641056,0.39467824
https://www.reddit.com/,none,0,0,3.7367950100000003,16.8804384,13.57591977,0.9605757
https://www.reddit.com/,application/octet-stream,6173,6,3.84317228,17.0310296,13.67049645,0.99046021
https://www.reddit.com/,application/javascript,1945454,49,2.2120113900000002,3.73305172,2.78848979,0.59597558
https://www.reddit.com/,text/html,257830,4,,,,
https://www.reddit.com/,image/png,365046,15,3.9451196499999996,17.32298024,13.914218140000001,1.01828868
https://www.reddit.com/,font/woff2,202128,5,3.89321411,17.40700311,13.96449687,1.00888197
https://www.reddit.com/,font/woff,76053,1,4.08536635,17.65857612,14.11287927,1.0282469
https://www.reddit.com/,image/jpeg,19300,2,3.9879253599999998,17.05262553,13.66131948,1.0185317999999999
https://www.reddit.com/,image/webp,308927,6,3.94818972,17.16227163,13.762236530000001,1.01667616
https://www.reddit.com/,text/css,48347,12,8.26687216,45.01454552999999,36.37492099,2.04856669
https://www.reddit.com/,application/json,72804,11,3.9779483699999996,17.096040170000002,13.779487099999999,1.02149116
https://www.reddit.com/,image/gif,6909,4,4.02389022,18.0789132,14.52692329,1.02849291
https://www.reddit.com/,video/mp4,33043,1,3.9018437699999997,16.29398295,13.09499037,0.98201955
https://www.roblox.com/,none,0,0,2.42360048,8.67138502,6.89355994,0.61448788
https://www.roblox.com/,application/octet-stream,4141,2,2.00610034,8.38918932,6.697791039999999,0.52874569
https://www.roblox.com/,text/html,20043,1,,,,
https://www.roblox.com/,text/css,166393,20,11.78326288,12.347446190000001,9.20173119,2.3439471800000002
https://www.roblox.com/,application/javascript,1175058,96,13.79848595,12.40148909,9.188286,2.56994069
https://www.roblox.com/,image/png,91057,6,2.08164332,8.774813329999999,7.083277890000001,0.54647471
https://www.roblox.com/,application/x-javascript,1383,1,2.04109861,8.89548221,7.11281111,0.5417244800000001
https://www.roblox.com/,application/json,21399,11,1.9093163000000002,8.00328929,6.388911950000001,0.51240167
https://www.roblox.com/,font/woff2,179362,4,2.0766121799999997,8.90878008,7.10297682,0.5517520499999999
https://www.roblox.com/,image/jpeg,446722,1,1.9779706400000001,8.40402374,6.7335946,0.52330458
https://www.roblox.com/,image/svg+xml,29423,5,2.05920853,8.48665212,6.77402293,0.55295207
https://www.roblox.com/,image/gif,10831,1,2.08799547,8.71112993,6.95142483,0.55962762
https://www.roblox.com/,image/x-icon,2800,1,2.04362867,8.55429586,6.84014587,0.52774997
https://www.samsung.com/us/,none,0,0,2.9969944099999997,14.34996253,11.62045492,0.74211426
https://www.samsung.com/us/,text/html,80149,12,,,,
https://www.samsung.com/us/,application/octet-stream,10742,9,2.82591223,13.28237813,10.769812690000002,0.7091162799999999
https://www.samsung.com/us/,text/css,77185,13,2.27329795,11.45996975,9.31864641,0.55465597
https://www.samsung.com/us/,application/javascript,918950,23,2.06719572,9.15181427,7.4652021600000005,0.53426666
https://www.samsung.com/us/,image/avif,116125,13,3.04888221,14.27462786,11.474572250000001,0.80537126
https://www.samsung.com/us/,image/webp,16267,2,3.13701474,15.12065141,12.01187829,0.88196123
https://www.samsung.com/us/,font/woff2,144035,3,3.22857721,15.581771000000002,12.338739519999999,0.92279561
https://www.samsung.com/us/,image/svg+xml,107316,2,3.16117923,14.855674570000001,11.77119429,0.90308431
https://www.samsung.com/us/,application/x-javascript,167764,34,1.5985145399999998,6.005865310000001,4.60611521,0.54855075
https://www.samsung.com/us/,image/png,2888,1,3.04143887,14.48791775,11.76701236,0.76183133
https://www.samsung.com/us/,text/javascript,17817,4,3.0550584400000003,14.202473959999999,11.52826199,0.77821316
https://www.samsung.com/us/,application/json,61980,5,3.14084178,14.39750502,11.68896535,0.80604553
https://www.samsung.com/us/,image/jpeg,176266,10,3.04812321,14.29147254,11.59601101,0.77044678
https://www.samsung.com/us/,image/gif,14936,10,3.05678758,14.5182312,11.777392749999999,0.76474525
https://www.samsung.com/us/,text/plain,2294,2,3.0495811500000003,14.40854848,11.69137166,0.7654373200000001
https://www.microsoft.com/en-us/microsoft-365/sharepoint/collaboration?ms.officeurl=sharepoint&rtc=1,none,0,0,0.00224131,0.0029688500000000003,0.00242598,0.00044132
https://www.microsoft.com/en-us/microsoft-365/sharepoint/collaboration?ms.officeurl=sharepoint&rtc=1,application/octet-stream,9754,12,0.00214217,0.00473022,0.0042217700000000006,0.00035672000000000004
https://www.microsoft.com/en-us/microsoft-365/sharepoint/collaboration?ms.officeurl=sharepoint&rtc=1,text/html,118682,11,,,,
https://www.microsoft.com/en-us/microsoft-365/sharepoint/collaboration?ms.officeurl=sharepoint&rtc=1,application/font-woff2,24665,1,0.00217033,0.00284899,0.0025034600000000003,0.00034993000000000003
https://www.microsoft.com/en-us/microsoft-365/sharepoint/collaboration?ms.officeurl=sharepoint&rtc=1,text/javascript,275391,4,0.0021290000000000002,0.0028783199999999998,0.00254669,0.00033383
https://www.microsoft.com/en-us/microsoft-365/sharepoint/collaboration?ms.officeurl=sharepoint&rtc=1,application/javascript,239559,11,0.00215143,0.0031877299999999997,0.00279015,0.000285
https://www.microsoft.com/en-us/microsoft-365/sharepoint/collaboration?ms.officeurl=sharepoint&rtc=1,text/css,107450,2,0.00207204,0.00626712,0.005738999999999999,0.0006622300000000001
https://www.microsoft.com/en-us/microsoft-365/sharepoint/collaboration?ms.officeurl=sharepoint&rtc=1,image/gif,13649,8,0.00217329,0.00276811,0.0024998999999999998,0.00033349
https://www.microsoft.com/en-us/microsoft-365/sharepoint/collaboration?ms.officeurl=sharepoint&rtc=1,image/png,28094,11,0.00216439,0.0028140599999999997,0.0025271900000000003,0.00032739
https://www.microsoft.com/en-us/microsoft-365/sharepoint/collaboration?ms.officeurl=sharepoint&rtc=1,application/json,14124,8,0.00221187,0.0028144000000000003,0.0025555099999999996,0.00033603
https://www.microsoft.com/en-us/microsoft-365/sharepoint/collaboration?ms.officeurl=sharepoint&rtc=1,image/webp,15271,10,0.00217957,0.0027408199999999997,0.00247701,0.00032975999999999996
https://www.microsoft.com/en-us/microsoft-365/sharepoint/collaboration?ms.officeurl=sharepoint&rtc=1,image/avif,91739,1,0.00219944,0.00492961,0.00431519,0.00050557
https://www.microsoft.com/en-us/microsoft-365/sharepoint/collaboration?ms.officeurl=sharepoint&rtc=1,application/font-woff,28831,1,0.00221117,0.00301768,0.00270928,0.00038164
https://www.microsoft.com/en-us/microsoft-365/sharepoint/collaboration?ms.officeurl=sharepoint&rtc=1,font/woff2,66055,2,0.0022404,0.0029576599999999995,0.00268656,0.00034264
https://www.microsoft.com/en-us/microsoft-365/sharepoint/collaboration?ms.officeurl=sharepoint&rtc=1,application/x-javascript,28323,3,0.00226868,0.0029981799999999996,0.00271098,0.00033349
https://www.tiktok.com/,none,0,0,4.68879514,20.706028919999998,16.55247328,1.14402856
https://www.tiktok.com/,application/octet-stream,653,1,4.67039048,20.45392507,16.33811866,1.14016452
https://www.tiktok.com/,text/html,69883,1,,,,
https://www.tiktok.com/,image/jpeg,175471,7,4.71262461,20.39276886,16.27789442,1.14960531
https://www.tiktok.com/,application/javascript,2632698,119,2.45829494,3.90028297,2.8924602900000003,0.65363685
https://www.tiktok.com/,text/css,3177,1,4.59967494,20.28181661,16.19241401,1.10968458
https://www.tiktok.com/,text/javascript,1911,1,4.50909185,19.21807488,15.35572188,1.0986689200000002
https://www.tiktok.com/,font/woff2,205736,6,4.6059522,20.08124983,16.04522451,1.12955967
https://www.tiktok.com/,application/font-sfnt,147971,1,4.61202222,19.92841356,15.932766220000001,1.13173133
https://www.tiktok.com/,application/json,78350,16,4.66486875,19.39401754,15.49366014,1.1431545699999999
https://www.tiktok.com/,video/mp4,2122932,1,4.68134362,20.26010759,16.18459015,1.14901513
https://turbopages.org/,none,0,0,4.95123751,3.60407308,2.68784824,1.00761973
https://turbopages.org/,text/html,39212,1,,,,
https://turbopages.org/,image/webp,2905,1,4.57729975,3.52335052,2.66779395,0.9545250799999999
https://turbopages.org/,application/javascript,128324,6,5.554956100000001,3.75472463,2.78625319,1.11679569
https://turbopages.org/,text/css,2507,1,4.71424473,3.5934097300000003,2.7266465899999996,0.97396935
https://turbopages.org/,application/octet-stream,639,1,5.14345638,3.61256527,2.7123580900000004,1.0403339
https://turbopages.org/,image/gif,21525,5,4.83665286,3.6244027,2.7560158599999998,0.98966336
https://turbopages.org/,image/png,2733,1,5.68169181,3.79446309,2.8005131999999997,1.1455717300000001
https://www.twitch.tv/,none,0,0,5.20654166,27.25443658,21.94700945,1.21572995
https://www.twitch.tv/,application/octet-stream,132656,14,5.02910781,26.53376143,21.31260359,1.15321706
https://www.twitch.tv/,text/html,258030,6,,,,
https://www.twitch.tv/,text/javascript,35934,4,4.73728473,24.47637736,19.74847531,1.1189426
https://www.twitch.tv/,text/css,98607,20,1.7067999699999998,6.08670213,4.97387407,0.44889221
https://www.twitch.tv/,application/x-javascript,2803887,31,0.6967691600000001,0.8321626500000001,0.60982344,0.18536936
https://www.twitch.tv/,application/javascript,325913,8,3.5075956500000003,18.20921088,14.76472066,0.8272315100000001
https://www.twitch.tv/,image/png,479293,67,4.83410154,24.73242527,19.96272312,1.13775957
https://www.twitch.tv/,image/svg+xml,29076,5,4.94889971,25.047331749999998,20.25117798,1.16855994
https://www.twitch.tv/,application/json,115835,14,2.07380722,7.69368557,6.26022102,0.54031847
https://www.twitch.tv/,text/plain,9362,1,4.178317809999999,21.567990960000003,17.4559928,0.99227125
https://www.twitch.tv/,application/wasm,321165,1,3.8554857800000004,19.959408229999998,16.17644602,0.9062088
https://www.twitch.tv/,image/jpeg,2069528,92,3.8729114900000003,19.844146900000002,16.07624105,0.9168865599999999
https://www.twitch.tv/,binary/octet-stream,21686,1,3.9836632100000005,20.568148299999997,16.6292294,0.92920091
https://www.twitch.tv/,image/gif,4048,3,4.02646298,20.82406362,16.82939928,0.94170515
https://www.twitch.tv/,application/vnd.apple.mpegurl,6472,1,3.9888782099999998,20.69739227,16.74197303,0.93387061
https://twitter.com/,none,0,0,2.17095144,9.44141083,7.35044657,0.6366597500000001
https://twitter.com/,text/html,85058,2,,,,
https://twitter.com/,application/javascript,1383584,76,0.68878271,0.70381521,0.5297010600000001,0.16779327
https://twitter.com/,application/octet-stream,6235,3,2.21249179,9.74027913,7.5889199199999995,0.64185469
https://twitter.com/,application/font-woff,135855,3,2.15351417,9.41674398,7.2847607100000005,0.62862074
https://twitter.com/,application/json,55218,7,1.9985468,8.10266232,6.282328290000001,0.58565199
https://twitter.com/,text/css,899,1,2.2354057800000002,9.57143707,7.43521796,0.65747935
https://twitter.com/,image/vnd.microsoft.icon,1515,1,2.22255244,9.39054464,7.36749047,0.6551167800000001
https://twitter.com/,application/manifest+json,6260,1,2.1212831800000003,8.98675418,6.981382579999999,0.62400224
https://twitter.com/,image/png,4939,1,2.161806,9.15204298,7.13638662,0.6423109300000001
https://twitter.com/,font/ttf,28667,1,2.09356191,8.79300028,6.83961368,0.61519335
https://twitter.com/,text/javascript,21584,1,2.10156,8.757704330000001,6.81590712,0.62375709
https://vk.com/,none,0,0,2.89228024,5.48143311,4.40877686,0.73695153
https://vk.com/,text/html,64677,3,,,,
https://vk.com/,application/x-javascript,1065698,36,1.9144640899999998,2.13094059,1.6418611300000001,0.47673272
https://vk.com/,text/javascript,85264,2,3.1269436600000002,6.75911848,5.37854869,0.69127248
https://vk.com/,text/css,234423,16,2.62478321,5.81689996,4.70713179,0.62544047
https://vk.com/,image/png,56497,2,2.73113481,6.55274082,5.2104954999999995,0.62662591
https://vk.com/,text/plain,709,1,2.4168865299999998,6.469847949999999,5.201495700000001,0.57514021
https://vk.com/,application/javascript,15454,1,2.7153795,6.38855438,5.09114465,0.58359782
https://vk.com/,image/gif,5372,5,2.63181256,5.43716092,4.39281158,0.63039551
https://vk.com/,application/octet-stream,1035,1,2.59151323,5.17936859,4.2181249,0.62963596
https://vk.com/,image/x-icon,6672,1,2.80288953,5.2289405,4.242907880000001,0.66407623
https://weather.com/,none,0,0,1.36238966,5.42378964,4.3610984,0.38482734
https://weather.com/,text/html,134830,2,,,,
https://weather.com/,application/javascript,459384,31,0.99735448,2.62877452,2.07514038,0.27038083
https://weather.com/,text/javascript,319912,5,1.17348145,4.718786789999999,3.7707982399999995,0.3369751
https://weather.com/,application/x-javascript,95837,1,1.29724341,5.12026808,4.09343974,0.37157525
https://weather.com/,application/json,11733,7,1.23898076,6.07527245,4.80241174,0.32859989
https://weather.com/,image/webp,566404,19,1.27238709,4.43237305,3.5550077700000005,0.36994798
https://weather.com/,image/png,9603,2,1.34714871,5.09199727,4.07756178,0.38828463999999996
https://www.whatsapp.com/,none,0,0,1.6178729699999999,3.4408220099999998,2.6919016499999997,0.42834981
https://www.whatsapp.com/,text/plain,655,1,1.62555285,3.49974501,2.75748935,0.42632938000000004
https://www.whatsapp.com/,text/html,45633,1,,,,
https://www.whatsapp.com/,text/css,42965,4,1.6834996599999998,3.04287872,2.40774824,0.40339118
https://www.whatsapp.com/,application/x-javascript,257332,10,1.7617379199999998,2.5899999000000005,1.99913144,0.41629350000000004
https://www.whatsapp.com/,image/png,2176872,23,1.66027698,2.18202023,1.72016517,0.38504791
https://www.wikipedia.org/,none,0,0,0.75432384,0.9809875499999999,0.75760498,0.20204976
https://www.wikipedia.org/,text/html,20658,2,,,,
https://www.wikipedia.org/,image/png,20946,2,0.76541148,0.9736685900000001,0.74509193,0.20631053000000002
https://www.wikipedia.org/,application/javascript,11514,2,0.7604582499999999,0.9053653300000001,0.6887237500000001,0.19906548000000002
https://www.wikipedia.org/,image/svg+xml,19111,1,0.74291758,0.8971769500000001,0.6884413,0.19468909
https://www.wikipedia.org/,image/vnd.microsoft.icon,2531,1,0.7557803,0.8894658400000001,0.70992296,0.18408101
https://www.yahoo.co.jp/,none,0,0,3.27753102,12.759264120000001,10.08517507,0.8723407299999999
https://www.yahoo.co.jp/,text/html,60568,10,,,,
https://www.yahoo.co.jp/,application/javascript,488457,15,1.70976836,4.0723015700000005,3.13621233,0.51101583
https://www.yahoo.co.jp/,text/css,362364,1,2.35692237,5.53905945,4.59874369,0.74057261
https://www.yahoo.co.jp/,image/png,29472,4,3.52868727,13.73842977,10.74123891,0.9072201200000001
https://www.yahoo.co.jp/,image/jpeg,164969,21,3.75241298,14.25376909,11.04655524,0.94570872
https://www.yahoo.co.jp/,image/gif,50447,10,3.325717,12.84423913,10.10594279,0.87508257
https://www.yahoo.co.jp/,image/webp,11055,1,3.93378964,15.027301190000001,11.58991784,0.9797207299999999
https://www.yahoo.co.jp/,text/javascript,195823,17,2.72502508,6.6507821,5.28190545,0.71888801
https://www.yahoo.co.jp/,application/octet-stream,50605,12,3.92312767,15.62163323,11.86646322,1.09457618
https://www.yahoo.co.jp/,application/json,24241,6,3.55551165,13.808036629999998,10.403739250000001,1.06211429
https://www.yahoo.co.jp/,text/plain,13302,3,4.01251958,16.49823337,12.374225019999999,1.1387588499999999
https://www.yahoo.com/,none,0,0,4.1539218799999995,14.990128239999999,11.824101599999999,1.13161943
https://www.yahoo.com/,text/html,303773,39,,,,
https://www.yahoo.com/,font/woff2,66285,1,3.1746621,13.307877430000001,10.77384627,0.8130377900000001
https://www.yahoo.com/,image/webp,294839,20,4.97134181,14.28861643,11.49551646,1.13316956
https://www.yahoo.com/,application/javascript,825587,92,3.9898984100000003,7.8064617599999995,6.129596289999999,0.9259819899999999
https://www.yahoo.com/,text/css,7521,3,3.0244561900000004,13.4678087,10.87058156,0.74287381
https://www.yahoo.com/,application/x-javascript,16284,7,3.20923313,13.53469543,10.93506809,0.7642
https://www.yahoo.com/,image/gif,60659,44,3.5128826099999997,14.406533979999999,11.644087050000001,0.85005578
https://www.yahoo.com/,image/png,94045,24,3.2986318199999998,13.33110402,10.76311273,0.78871494
https://www.yahoo.com/,application/json,236378,13,2.6329476799999996,13.06417202,10.607645159999999,0.68843316
https://www.yahoo.com/,application/octet-stream,64530,47,3.63460224,13.8880956,11.225136990000001,0.8433368299999999
https://www.yahoo.com/,text/javascript,189751,8,3.08641415,13.69270715,11.06774275,0.76547852
https://www.yahoo.com/,text/plain,8363,6,3.06734709,14.094747420000001,11.40878567,0.7706354799999999
https://www.yahoo.com/,image/jpeg,41851,1,3.2438471399999997,13.37087741,10.824788920000001,0.7887627500000001
https://www.yahoo.com/,application/xml,952,1,2.7106141000000004,13.655055749999999,11.068491790000001,0.70451135
https://www.yahoo.com/,video/mp4,3931978,1,3.31665568,13.46378309,10.85860545,0.8127734700000001
https://dzen.ru/?yredirect=true,none,0,0,4.326772500000001,9.88747304,8.06732907,1.20195719
https://dzen.ru/?yredirect=true,application/octet-stream,9997,9,6.542117490000001,10.848871019999999,8.64283329,1.64658525
https://dzen.ru/?yredirect=true,text/html,327868,6,,,,
https://dzen.ru/?yredirect=true,image/webp,44532,9,6.06939052,10.38875665,8.3319102,1.5475764
https://dzen.ru/?yredirect=true,image/svg+xml,3239,2,3.9981840999999996,10.12653283,8.23671875,1.1450364899999999
https://dzen.ru/?yredirect=true,text/plain,826,1,5.42445194,10.63940582,8.54021929,1.4361401
https://dzen.ru/?yredirect=true,application/javascript,133933,5,6.14312454,10.99376831,8.84742974,1.5623330000000002
https://dzen.ru/?yredirect=true,application/json,97050,5,3.89643351,10.20331624,8.282054480000001,1.11409878
https://dzen.ru/?yredirect=true,image/jpeg,118462,6,5.525699889999999,10.20243513,8.13825073,1.4244215199999999
https://dzen.ru/?yredirect=true,image/png,46712,3,4.46142244,4.95645498,3.86784838,0.99216478
https://dzen.ru/?yredirect=true,text/javascript,1364878,15,5.5778141,3.774872,2.7804699399999997,1.11823374
https://dzen.ru/?yredirect=true,image/gif,37266,20,4.51042558,3.9388336199999996,3.0450798900000002,0.94928725
https://dzen.ru/?yredirect=true,image/avif,1048,1,4.62520456,3.3980690900000003,2.5617402800000004,0.94051412
https://dzen.ru/?yredirect=true,font/woff2,27215,1,5.04802778,4.22405819,3.23843502,1.0529237500000002
https://dzen.ru/?yredirect=true,text/css,5217,2,5.20379205,10.21551192,7.9528004999999995,1.44937405
https://www.youtube.com/,none,0,0,2.6692809299999998,13.014925470000001,10.01542138,0.74233941
https://www.youtube.com/,application/octet-stream,2792,3,2.73728485,13.38880157,10.311974419999999,0.77011939
https://www.youtube.com/,text/javascript,1698174,10,2.70433171,12.971848379999999,9.96426375,0.75638428
https://www.youtube.com/,text/css,19977,5,2.58003463,12.39752994,9.62275764,0.63981747
https://www.youtube.com/,text/html,77958,4,,,,
https://www.youtube.com/,font/woff2,12481,1,2.62872741,12.59430084,9.90588531,0.57505069
https://www.youtube.com/,audio/mpeg,30213,4,2.23479705,10.569429520000002,8.28072188,0.47962087
https://www.youtube.com/,application/json,1105,1,2.6175086800000003,12.32265659,9.75327776,0.57588162
https://www.youtube.com/,application/manifest+json,2538,1,2.6947675700000002,12.353846229999998,9.7410119,0.59577755
https://www.youtube.com/,image/png,4727,2,2.60837323,12.14799974,9.58174065,0.57995249
https://zoom.us/,none,0,0,3.38911304,14.41283213,11.52843001,1.0086102
https://zoom.us/,text/html,74398,6,,,,
https://zoom.us/,text/javascript,196481,5,2.9687416100000004,13.04281904,10.40209791,0.8711988700000001
https://zoom.us/,text/css,103007,11,3.18230061,12.9886361,10.54870724,0.9049447
https://zoom.us/,text/plain,1832,1,3.5080003399999997,14.677805410000001,11.71380785,1.0071884199999999
https://zoom.us/,application/javascript,717189,17,1.8276622900000001,5.90757785,4.72920651,0.53632134
https://zoom.us/,image/svg+xml,401150,5,3.19625498,13.711409000000002,10.979736330000001,0.94482744
https://zoom.us/,image/png,1160952,41,3.8008361500000003,14.232102970000001,11.351072859999999,1.11730092
https://zoom.us/,image/jpeg,1126683,12,3.23838696,13.59309269,10.92342648,0.9494077900000001
https://zoom.us/,binary/octet-stream,274232,6,3.45953308,14.823894419999998,11.86592899,1.0328487800000001
https://zoom.us/,application/font-woff,65212,1,3.30350271,14.12515106,11.32081129,0.97998403
https://zoom.us/,application/json,66959,6,3.50982039,14.323258800000001,11.49774933,1.06155158
https://zoom.us/,application/x-javascript,74422,4,2.1251840200000003,7.50289561,5.99579434,0.6637834300000001
https://zoom.us/,image/x-icon,5787,1,3.3571587099999998,13.894160119999999,11.115468510000001,0.97852325
